nombre_completo,fecha_de_nacimiento
IVAN JOSUE DASCALU HICHAM,10/10/1977
ROBERT IAN MACON ESCALA,25/10/2003
FELIX VICTOR EL KHATTABI GARCIA FOGEDA,06/11/1970
NUBIA STELLA TORRANDELL MONTOYA,15/02/1997
NURYS MALAGELADA CIVICO,05/05/1968
CYRA JURJ PAHISSA,02/06/1978
RUTH ANA ARAMBULO WOODWARD,24/02/1985
HMIDA GOZALO CRISTINA,10/11/2005
MARTA OFELIA ZAHRAOUI DAVI,21/10/1987
MARINA NIEVES BONFILL ALTAYO,09/03/1981
VASILE IOAN COMBARRO DE LA CORTE,27/09/1972
ALAA COFRADES ESSABBAR,26/01/1994
RUFINA JURCA LAZAROVA,21/01/1967
ROCIO SAAD MILANO,10/11/1986
MANUELA ALICIA CARPIZO FADLI,12/12/1975
MAGDALENA BARBARA GALICIA PRECEDO,24/05/1968
CARLOS MATIAS FARGA RUGGERI,10/02/1998
AMELIA JESUS OULGHAZI BAIGET,13/05/1995
CHRISTIAN XAVIER INOSTROZA MOSS,21/09/1979
DOMINA EKHATOR PUIGCERCOS,17/12/1951
FE ESPERANZA LEONE ARRECHEA,20/07/1987
ELY ABUCHA PERET,25/09/1976
DIAO FRONTELA MASMIQUEL,16/06/1987
JACINTA AVIN AREGO,19/08/2005
MOHAMED RAYAN TABERNILLA LAGARTOS,11/07/1979
ZOILA MARIA DUMITRIU FILPO,06/04/1961
FILIPP GIGIREY TRUCIOS,13/08/2003
JAVED BARGUEÑO RUPERTO,14/08/1962
ELIAS PEDRO BUDIÑO BELOQUI,26/08/1954
PURA ISABEL BOHIGUES LATAS,03/03/1959
IVAN HRISTOV RAHOUTI FRAGUA,22/04/2003
EMILIJA MORAÑA MERIDA,16/05/1954
JULIA JOSEFA PLANISI CARDET,05/10/1965
ABRAHAM JESUS ARDAIZ CHIRALT,30/06/1954
DANICA SANDIA KADAR,16/04/1984
KARLA GABRIELA ABDESSAMIE KAMINSKA,10/04/2001
JHON MARIO LOGROÑO SEGORBE,25/12/1950
CAREN RIOLOBOS CERISUELO,27/04/1977
JOAQUIN VICENTE BALDEON USERO,19/04/1966
JESUS MARIA JOSE BULLOCK AMELIBIA,18/08/2003
MIRIAN ADELA GUADAMILLAS CADELO,27/06/1971
TAIS ASTOR GENTILE,26/05/1979
JOHANNES ADRIANUS LEBON ASCARIZ,02/02/2002
ELIZABETH MARIE HAMMA AMIL,17/07/1979
RICARDO IVAN MOURIN CARBALLAR,29/01/1977
IÑIGO JUAN EL JAOUHARI VILLASECA,17/06/1987
LUIS AMARO BARANDICA JOVAL,22/06/1962
ANTONIO LINO AMRAOUI QUEIJAS,23/11/1975
IGNACIO ANDRES COMBA DIAZ DEL RIO,07/01/1991
ATILA JUANHUIX RIPOL,04/11/1964
SOHAN CIMAS ORTIGA,23/11/1968
FLORINA ALEXANDRA ACERA SINUES,19/11/1966
TURA CAUQUI MIARNAU,13/08/2002
SANTI SANDOR ELU,13/07/2004
NIZAM COJO DUMEA,10/03/2000
BRUNO GABRIEL ESPIAU CERNADAS,06/03/1985
JAIME MARIANO PAIVA TORELLO,08/11/1968
SILVIA EDITH BOU TAMAMES,20/10/1960
ADRIAN ANDREI SAEZ DE VICUÑA ARANDIGA,18/12/1978
MELITO LOPEZ PELAEZ BETA,10/03/1952
JUAN CASIMIRO PROVECHO BLANCHARD,23/01/1964
HENRY DAVID EL MARNISSI DOSIL,09/05/1980
IGNACIO ALEJANDRO ASTORQUI FADEL,12/07/1985
BELLA CINTA RADUT ALBETS,11/06/1983
VISITACION ZAMMOURI VLASCEANU,10/09/2003
SERGI JOSEP GUMANEH BOUAYAD,20/04/1976
MAIKE MACHI AKALAI,03/08/1985
ESTEFAN GOST ARASIL,22/04/2000
HECTOR GEOVANNY COSTEA PADROS,26/09/1996
ZOUBAIDA SALA ZHAO,01/02/1971
SAFAA VIVAR HANGAN,25/11/1952
MARTA CLAUDIA CAEIRO REJA,29/11/1984
ANTONIA SANDRA MACARIO MAR,02/11/1979
GHEORGHE ANDREI MAROUAN VERDERA,25/08/1952
ADONINO PATEIRO FORNAS,26/12/1985
BISMA BOGA RUS,11/09/1993
SHAOYING EL ABDI CALLES,05/02/1961
ANALIA DIAS ARZOZ,12/01/1960
ANTONI JAUME MOLINE TAVORA,02/12/1967
ORTENSIA DE LAS CUEVAS FORNEIRO,10/11/1953
ERMILA MONTESDEOCA BRIA,21/08/1981
JOSEFA REYES POLVOROSA BAJAÑA,06/05/1988
LAURA BELEN BAYER ALITE,08/02/1982
GEMMA VICTORIA GALINDO PISABARRO,02/12/1987
OCTAVIO CESAR AÑINO PRADA,28/06/1954
FABIO HENRIQUE MELLID FENOLL,20/01/1965
MARK STEVEN ILIEVA BENEDITO,02/03/2000
MARIA DOLORES VICTORIA FAULKNER RIGUEIRO,10/02/1980
CRISTINA VALERIA FAGUNDO LIAÑEZ,26/10/1956
IONEL GABRIEL MONTAGUT VENTAS,10/09/2000
VICTOR LEONARDO VERDUGA QUILES,12/01/1970
EUGENIO ALFONSO LEVY BOLEDA,30/11/1987
JOAQUIN MIGUEL RUBIA DE HOZ,22/06/1975
ZHIMIN CHAOS LIJARCIO,28/07/1987
LUIS AMARO JABBI MONTELLS,18/01/1956
ERUNDINO TEIXIDOR CIMA,27/03/1968
MIREIA RAMIREZ DE LA PISCINA BERBES,01/02/1974
CARMEN FERNANDA GARRIZ HENARES,01/07/1993
FLORBELA CARDELLACH BARAZA,15/09/1980
AARON JESUS TOBES IBARGUREN,21/12/1978
